group,metabolite,covariate,stored_DE,stored_log_bf,kernel_variance,at_variance_floor,lengthscale,contribution_sd,r2_on_other_components,d_elbo,d_pred_deviance,pred_gain_over_null
pinned_high_DE,HILp_QI8757,study_days,0.994,-4.8,1.0000000000001597e-10,True,2.117441380202564,4.838333129432055e-11,,-1.8402306523057632e-07,-3.0243973014876246e-07,-1.33945832203608e-08
pinned_high_DE,HILn_TF19,hbi,0.615,-4.8,1e-10,True,2.1136596703575266,8.29466885394027e-12,,-8.576330401410814e-07,-1.741868800309021e-06,-2.851414137694519e-06
pinned_high_DE,HILp_TF52,time_from_max,1.0,-4.8,1e-10,True,2.115273344498513,4.615627298683625e-11,,-3.2498860491614323e-06,-9.629679880163167e-06,-3.816534444922581e-06
pinned_high_DE,HILn_QI105,time_from_max,1.0,-4.8,1.00000093474867e-10,True,2.1147556865629644,1.6364376921103953e-10,,-1.1341675417497754e-05,-2.0568269974319264e-05,-5.393485480453819e-08
pinned_high_DE,HILn_TF2,study_days,1.0,-4.8,1.0000000000000004e-10,True,2.117812139236729,6.830153529078048e-11,,-3.6652454582508653e-07,3.138939064228907e-07,-1.7280399333685637e-11
pinned_high_DE,HILn_TF2,hbi,1.0,-4.8,1.0000002535043389e-10,True,2.1173916561985315,4.9164869857851036e-11,,-2.6427278498886153e-07,5.241527105681598e-07,-1.7280399333685637e-11
pinned_high_DE,C8p_QI80,time_from_max,1.0,-4.8,1.0000000000000004e-10,True,2.1187275789106756,1.6824370214755443e-10,,-1.4243410078051966e-06,2.3885731934569776e-06,2.2717540559824556e-07
pinned_high_DE,C18n_QI19,hbi,1.0,-4.8,1e-10,True,2.116359514001163,2.7709673727645332e-11,,-3.436907718423754e-07,5.415922714746557e-07,5.890797183383256e-09
pinned_high_DE,HILp_TF49,hbi,1.0,-4.8,1.000000267741289e-10,True,2.116336752211357,1.7823320110113624e-11,,-2.7364148991182446e-07,2.4399105313932523e-07,-3.4475760912755504e-07
pinned_high_DE,C8p_QI178,time_from_max,1.0,-4.8,1e-10,True,2.1191067760298012,4.8600810738158893e-11,,-6.146560281194979e-06,-1.2134803000662941e-05,1.829384927987121e-07
pinned_high_DE,HILp_QI11066,age,1.0,-4.8,1e-10,True,2.1171746417900414,6.311133444442916e-11,,-7.92324044596171e-07,3.9002134144539014e-07,-8.414745025220327e-07
pinned_high_DE,HILp_TF26,hbi,0.904,-4.8,1.0000000090142995e-10,True,2.116951799721788,2.953641283482732e-11,,-4.848739081353415e-07,-1.1519387044245377e-07,-9.304767445428297e-08
pinned_high_DE,HILp_QI11066,study_days,1.0,-4.8,1e-10,True,2.1137430676689477,7.079932846615929e-11,,-7.265311978699174e-07,3.359746187925339e-07,-8.414745025220327e-07
pinned_high_DE,C8p_QI64,age,0.976,-4.8,1.0000000000068098e-10,True,2.117103299203557,3.3653157272559593e-11,,-5.220208549872041e-07,-5.733581929234788e-07,-5.762803994002752e-07
pinned_high_DE,HILp_QI4902,age,1.0,-4.8,1e-10,True,2.115148944264281,9.383856713021558e-11,,-1.9411045286688022e-06,-3.4420081647112966e-06,-4.0081358747556806e-06
pinned_high_DE,HILp_QI2793,study_days,1.0,-4.8,1.000000000012516e-10,True,2.117117273272615,1.5314948257465055e-10,,-3.339810064062476e-07,2.9437342163873836e-07,-8.310053090099245e-09
pinned_high_DE,C18n_QI83,age,0.927,-4.8,1.0000000001261439e-10,True,2.1168901879000113,7.196745306450614e-11,,-5.294123184285127e-07,-7.553517207270488e-07,-9.43300619837828e-08
pinned_high_DE,HILp_TF24,study_days,1.0,-4.8,1.0000001077266324e-10,True,2.115574036705931,1.4783917642575483e-11,,7.274729796336032e-08,5.616211637970991e-07,-1.4718534657731652e-07
pinned_high_DE,C18n_TF1,hbi,1.0,-4.8,1.0000004748992987e-10,True,2.1139813785687482,4.3565021491391004e-11,,-2.686178959265817e-07,-2.711212800932117e-07,-7.273229130078107e-09
pinned_high_DE,HILn_QI23,time_from_max,0.5,-4.8,1e-10,True,2.1147770022213166,2.2944499240134428e-11,,-5.483138920681085e-07,-3.690965968417004e-07,-7.553717296104878e-08
pinned_high_DE,HILn_QI66,age,0.799,-4.8,1e-10,True,2.1187957117445912,7.770053948742583e-11,,-7.405706128338352e-07,-6.715890776831657e-07,-5.595702532446012e-07
pinned_high_DE,C18n_QI25,age,0.744,-4.8,1.0000000000000016e-10,True,2.1171005934348375,3.421626635216243e-11,,-1.7937236407306045e-07,-3.5421089705778286e-07,6.32271621725522e-08
pinned_high_DE,HILn_QI52,time_from_max,0.595,-4.8,1e-10,True,2.1175335140936866,6.571434176570423e-11,,-7.117205313988961e-07,-5.709625838790089e-07,-2.519100235076621e-07
pinned_high_DE,HILn_TF7,hbi,0.896,-4.8,1e-10,True,2.1152905951414027,2.265665447210308e-11,,-2.9187895052018575e-06,-5.54590042156633e-06,-1.0242893040413037e-06
pinned_high_DE,HILp_TF20,time_from_max,1.0,-4.8,1.0003944754398542e-10,True,2.1186256954895164,6.726703767342652e-11,,-3.384526235095109e-05,-7.154542072385084e-05,2.7212743589188904e-05
pinned_zero_DE,C18n_QI35,study_days,0.0,-4.8,1e-10,True,2.1226940574571933,1.1911733825154027e-07,0.9764939158244026,-5.141106157680042e-06,0.0018761504943540785,427.21960352498354
pinned_zero_DE,HILp_QI25304,age,0.0,-4.8,1e-10,True,2.1146360595504685,1.4649680813444651e-08,0.5136791766423194,0.00019395322806303739,0.0002011886226682691,6.052719284756677
pinned_zero_DE,C8p_QI202,time_from_max,0.0,-4.8,1.0000000000000117e-10,True,2.116929274741118,3.135617522718591e-08,0.985015893298478,-5.223748985372367e-05,-0.00035497802855388727,11.374862878650674
pinned_zero_DE,HILn_QI51,time_from_max,0.0,-4.8,1.0000007507153214e-10,True,2.118734186028077,6.582731943193158e-08,0.980764188755022,1.1292017916275654e-06,-0.004754076961035025,246.81099297232686
pinned_zero_DE,HILp_QI7976,age,0.0,-4.8,1.0000000027223062e-10,True,2.1160016947065077,1.1385502277646006e-07,0.9673518450815732,6.421522357413778e-06,0.006350715898406634,368.2613399762886
pinned_zero_DE,C8p_QI104,age,0.0,-4.8,1.0000004434572885e-10,True,2.1160378084236062,9.188855507929266e-08,0.9451144536167572,-7.614151400048286e-06,-0.0075057839012515615,314.68641686745104
pinned_zero_DE,C18n_QI55,age,0.0,-4.8,1.0000000478038213e-10,True,2.1186479477961244,1.6603908041491953e-08,0.8899916905806821,-6.479103376477724e-06,-0.010063779273878026,305.99487645113277
pinned_zero_DE,C8p_QI173,study_days,0.0,-4.8,1e-10,True,2.117746121609204,1.98251451941989e-08,0.9729363681551599,-1.3473520084517077e-05,-0.006169209066683834,248.63071998648684
pinned_zero_DE,C8p_QI102,time_from_max,0.0,-4.8,1e-10,True,2.116898097494704,5.805957661506646e-08,0.39154861932018525,-2.4000266421353444e-05,-0.00501568789150042,303.6878677159966
pinned_zero_DE,HILp_QI12459,time_from_max,0.0,-4.8,1e-10,True,2.117733197797688,3.384388873390775e-08,0.7068086338148263,3.572507330318331e-05,-0.007431044471559289,214.91632250890598
pinned_zero_DE,HILp_QI6844,study_days,0.0,-4.8,1.000000000000121e-10,True,2.115037666018087,3.7235834388146816e-08,0.9822580562304157,1.5886936125752982e-05,-0.020117414576816373,180.21497437466496
pinned_zero_DE,C8p_QI59,age,0.0,-4.8,1e-10,True,2.1176139115774038,1.8904666316333753e-07,0.9905179878838604,1.4201212252373807e-05,-0.003131120914076746,218.5910157395283
pinned_zero_DE,HILp_QI2638,study_days,0.0,-4.8,1.0000000000000106e-10,True,2.1166673140540424,3.4375976628105836e-08,0.9774160170366867,2.1082286821183516e-05,-0.00023782391326676589,17.286428881867323
pinned_zero_DE,HILn_QI40,study_days,0.0,-4.8,1.000000341807333e-10,True,2.11535369534393,1.2943057006646074e-07,0.9398782905492444,0.00034060320649587084,-0.006121211476965982,393.8190651003242
pinned_zero_DE,HILp_QI6844,time_from_max,0.0,-4.8,1e-10,True,2.11540870737904,3.724701703219637e-08,0.9696774752368593,1.6095528735604603e-05,-0.020123846411479462,180.21497437466496
pinned_zero_DE,C8p_QI35,hbi,0.0,-4.8,1.0000000321548209e-10,True,2.1170379971898554,5.830828575412586e-08,0.8517470988126188,-2.6123711904801894e-06,-0.00856325178847328,211.60374643996147
pinned_zero_DE,HILp_QI2979,time_from_max,0.0,-4.8,1e-10,True,2.120646590586498,5.145110069000109e-08,0.32149887731886573,-0.0005862133843947959,-0.002946683549453155,42.22778061921235
pinned_zero_DE,C8p_QI56,time_from_max,0.0,-4.8,1.0000000126160502e-10,True,2.1180312144162405,1.2509356966471706e-08,0.5426610405083592,3.689669756568037e-05,0.006819111844379222,150.252360266898
pinned_zero_DE,HILp_TF46,time_from_max,0.0,-4.8,1.000000005271925e-10,True,2.116187133433686,7.798573369313645e-08,0.7724556478385015,0.0004141795197938336,-0.07147532241833687,272.2902070589935
pinned_zero_DE,C8p_QI155,hbi,0.0,-4.8,1e-10,True,2.1192594580730386,1.441627213547923e-08,0.17258502357178696,-4.88034720547148e-06,-6.699390360154212e-05,11.82097955378049
pinned_zero_DE,C8p_QI174,study_days,0.0,-4.8,1e-10,True,2.117532898773016,5.024928209246746e-09,0.5343588618557562,-8.56435508467257e-06,-0.0001728451061353553,6.193179827185304
pinned_zero_DE,HILn_QI109,hbi,0.0,-4.8,1.0000015101551459e-10,True,2.1172092742145883,2.5914846985681257e-08,0.826285564259907,-2.3663344563829014e-05,0.0028271954142837785,434.8122866863532
pinned_zero_DE,HILn_QI24,study_days,0.0,-4.8,1e-10,True,2.116459333011285,3.5598669317763587e-08,0.6926720605901959,-9.437604239792563e-05,-0.008875888553120603,276.33098026897915
pinned_zero_DE,HILn_QI99,study_days,0.0,-4.8,1.000004909109306e-10,True,2.116044026761236,2.087086565316464e-08,0.95038450328117,-3.7886725294811185e-06,-0.004452936902453075,287.6622831143486
pinned_zero_DE,HILn_QI82,time_from_max,0.0,-4.8,1e-10,True,2.1137186476042875,2.35984852607988e-08,0.9840583507480771,-1.5288605936802924e-09,1.0782969184219837e-08,3.026748627755296
unpinned,C8p_QI105,hbi,0.507,-2.2,0.20517434355976508,False,1.1390368854382524,0.2263100554023959,0.45753099508391726,6.360340307174283,22.974824206927224,47.24188994848373
unpinned,C8p_QI68,study_days,0.477,-6.6,0.12540112500353962,False,1.3631989570610314,0.2174818528479112,0.5198946079132252,0.888491882469225,10.970462724091703,23.424499762040796
unpinned,C8p_QI71,study_days,0.065,-3.8,0.20485459256442606,False,1.5908959258534792,0.23765454334163802,0.3707312707575343,3.8497683724240233,20.38283792394759,331.7681546691301
unpinned,HILn_QI16,time_from_max,0.195,-3.2,0.15646376468098208,False,1.5572305991034063,0.26437451810285234,0.5280098196583423,3.7270417143276973,11.717388418615883,61.50727462501254
unpinned,C18n_QI33,study_days,0.078,-3.6,0.10356741290678903,False,0.74599338346762,0.2085543043546402,0.0918672039575148,5.536357623779168,21.75726537918672,295.88023900560256
unpinned,C18n_QI47,age,0.154,-4.3,0.775240927727847,False,0.5249671429078157,0.9829966895686268,0.7422320870276817,7.080628925511064,25.145219286734573,172.57179413492304
unpinned,HILn_QI119,age,0.192,-4.1,0.2522608026891645,False,1.0708730371128803,0.2967874832349519,0.38000773679900013,3.949964132729292,14.453417369173621,78.05835084032151
unpinned,C18n_QI06,age,0.191,-4.1,0.2570322841592964,False,0.6609836138599091,0.18864099145360974,0.4168053471549842,5.507587262891775,21.64524034121223,119.61930179828232
unpinned,HILp_QI2979,study_days,0.401,-2.7,0.10514555596057917,False,1.6607845377714707,0.1065386938001641,0.9697099882670814,4.55161272303485,16.34359788746042,42.22778061921235
unpinned,HILn_QI85,age,0.354,-3.5,0.187561411084891,False,1.7482573581772833,0.19419875722062419,0.44018668933937133,4.209715372938717,17.72482931617651,52.00297130258059
unpinned,C18n_QI46,age,0.847,15.0,0.5081981390316956,False,1.5384236183723177,0.6316222877964848,0.8641424535595347,23.532148341148513,59.44926778611716,76.91076786215126
unpinned,HILp_QI615,time_from_max,0.03,-5.5,0.16359974161320806,False,1.52381370284348,0.1228068208706649,0.0687490278945051,2.138799590889903,14.129398731543006,493.99123562611385
unpinned,HILp_QI10949,age,0.841,0.9,1.0986797422784502,False,0.9379536949358146,0.5543608174238416,0.8295593653521539,10.882336274035424,45.52433484865469,58.345536980193174
unpinned,C18n_TF4,time_from_max,0.263,-3.8,0.0844397550332171,False,1.7565292293340935,0.08444423034694208,0.2260526784355038,3.530632361361313,14.134724803503559,55.48810286971093
unpinned,C8p_QI207,time_from_max,0.05,-3.2,0.13038929811336503,False,2.036409621295623,0.2338224645829388,0.939085304122745,3.943940474996907,12.174997073157101,250.62830316744657
unpinned,HILn_QI19,age,0.653,11.0,0.41141598057620804,False,1.3255317088407996,0.46641903413544156,0.4275633639136588,19.288489920382744,49.08705541191466,82.41592935194149
unpinned,C8p_QI103,hbi,0.361,-4.9,0.11548888614558668,False,1.3147324676798269,0.12738002414746355,0.6995011310637567,2.873967206578527,12.793002230797356,36.34245487833141
unpinned,HILn_QI32,study_days,0.662,-4.2,0.08469233600904401,False,1.601089464447507,0.1744263309245352,0.2978996646732296,4.4051394796765635,20.94159778778885,32.844954964878525
unpinned,C18n_QI73,hbi,0.003,-5.6,0.1007083673614683,False,1.6646990121858907,0.39045613606651486,0.8821257205226649,0.9247376521598198,4.395445209901482,1586.559438462933
unpinned,C18n_QI89,hbi,0.102,-6.2,0.04980332785145991,False,1.7240408733933745,0.09062998580164054,0.1297189018181013,0.7530692659229317,4.950809639333784,49.33669415316672
unpinned,HILp_QI4966,study_days,0.242,-4.5,0.24066889442181996,False,1.09880658467653,0.2204956210961464,0.38487792223315787,3.6630542054222133,16.168064756395324,69.22459952320241
unpinned,C18n_QI86,study_days,0.028,-5.7,0.10741791920694388,False,1.1471782030826605,0.25154258377898,0.09914083842559063,2.116542242822561,12.311610823625415,457.5543780537291
unpinned,HILn_QI13,hbi,0.054,-5.4,0.08575732800220763,False,1.7583032466284656,0.22247325550199265,0.7275513143745939,1.5465271016637416,8.067340450459596,153.05388440717888
unpinned,HILp_TF40,study_days,0.14,-6.0,0.07501631069876499,False,1.0286054332321548,0.13654888343895513,0.4656755286656987,1.9705311091893236,10.197743062575682,74.67921899411704
unpinned,HILp_QI1037,age,0.259,-5.6,0.02792303855241739,False,1.3258699989138027,0.08283863647003127,0.908242564354609,1.5196826059172963,8.581769710019216,33.7236407470773
